	X17.AAG	X5.FU	X5.FdUR	AG1478	Sigma.AKT1.2.inhibitor	Triciribine	AS.252424	AZD6244	BEZ235	BIBW2992	Baicalein	Bortezomib	CGC.11047	CGC.11144	CPT.11	Carboplatin	Cisplatin	Disulfiram	Docetaxel	Doxorubicin	ERKi.II..FR180304.	Epirubicin	Erlotinib	Etoposide	Everolimus	FTase.inhibitor.I	Fascaplysin	GSK923295	GSK1070916	GSK1120212	GSK1059868	GSK1838705	GSK461364	GSK2119563	GSK2126458	GSK2141795	GSK1059615	GSK650394	Lapatinib	Geldanamycin	Gemcitabine	Glycyl.H1152	ICRF.193	IKK.16	Ibandronate.sodium.salt	Imatinib	Gefitinib	Ixabepilone	LBH589	Lestaurtinib.CEP.701.	MG.132	MLN4924	Mebendazole	Methotrexate	NSC663284	NU6102	Nelfinavir	Nutlin.3a	Olomoucine.II	Oxaliplatin	Oxamflatin	PD98059	PF.2341066	PF.3084014	PF.3814735	PF.4691502	Paclitaxel	Pemetrexed	Purvalanol.A	L.779450	Rapamycin	Vorinostat	SB.3CT	Ispinesib	Bosutinib	Sorafenib	Sunitinib.Malate	TCS.PIM.11	TCS2312.dihydrochloride	Topotecan	Tamoxifen	Temsirolimus	Trichostatin.A	Tykerb.IGF1R..1.1.	VX.680	Valproic.acid	Velcade	Vinorelbine	XRP44X	ZM447439
AKT_BAD.adap_multi.pathway_activity_testset.csv.akt	0.0567710988722874	-0.232756902127812	-0.57316836820598	-0.311301176188436	0.601799941952554	-0.0224774359577356	0.67728141849764	-0.333552217970313	0.297662611081141	0.150877065062677	-0.24418234712362	0.153449481020784	0.157122222159477	0.27177244148617	-0.38738394111221	-0.270946871063861	-0.46930389371482	-0.279820420584944	-0.570010589102778	-0.228674734293408	0.721311441670629	-0.256030975530412	-0.319567173875395	-0.541493939134848	0.363363478845702	0.123670851763667	0.679357831961573	-0.389187466946442	-0.17002446158599	-0.283955652274465	0.172308465039249	-0.130724465535277	-0.415689282804004	0.25802824533984	0.408456616536841	0.528970775472456	0.337936297393493	-0.417225597696883	0.468286966896023	-0.465352769091495	-0.579711691837143	-0.379597457346299	-0.265205602397239	0.042682277447065	0.426989834995891	0.316457998139019	-0.213318494023179	-0.153431664905878	0.512282962091217	0.4179956608407	-0.581989608299661	0.361474295773946	-0.122080998074411	-0.234266307947912	-0.258961618112413	-0.198081344220094	0.341716665358646	-0.44226428068559	-0.412203040451018	-0.485798272568033	0.463503126793565	0.0598784879563514	-0.30328244894736	0.504464938599408	-0.168095880070296	0.495924458215165	-0.532664767098242	0.147945496128425	-0.14794500988384	0.332339992972787	0.71507151362957	0.813751280107906	-0.0916084079875717	-0.523015978115478	-0.143587326230736	0.233096002200412	-0.163986872492037	0.10293205688664	0.253291454335363	-0.265353705887923	0.449923216531766	0.326699507294493	0.560924227440071	0.253603454805058	-0.303063400642305	0.633941833695961	0.227814528507507	-0.220833465736312	-0.121396352024461	0.0486133374319507
AKT_BAD.adap_multi.pathway_activity_testset.csv.bad	0.0180389860675511	-0.161568565975489	0.204749858836377	-0.0877738568262078	-0.256923352576224	-0.159585695161351	-0.251107703462537	0.273090952041719	0.160244777675405	-0.146047610205638	0.7825760287052	0.0181554791995203	0.403431937632201	0.194619384809774	0.434302457908212	0.243317918791308	0.163133968252908	0.305412912889275	0.268181914344794	0.412198688404229	-0.107370736044745	0.210579165310538	-0.155844394879961	0.255459316589953	-0.0293924762520576	-0.0883980981858887	-0.406481002327239	0.366563038019819	0.195858010859304	0.14504108153491	0.21890461226681	-0.214866309797087	0.0976987670337122	-0.287714246137881	-0.363512112499145	-0.272996109619679	-0.253766498646105	0.48530627651182	-0.203395907750563	0.456085333016388	0.228061362066912	0.506798182482606	0.511997842424266	0.235651950873911	-0.149367340511432	-0.277434664617389	-0.059239192182382	0.187279311729688	0.165900350769144	0.21792316083315	0.374235720971015	0.108512337498119	0.218418257130658	-0.225840274467973	0.335964667971472	0.137661506537078	-0.0699086943407148	0.038869516573634	0.710953955874438	0.389790555156173	0.234846224250352	0.1319043306995	-0.0114787900918613	-0.148560732509776	-0.0211568159027591	-0.444768560242929	0.227169989290074	-0.119744895983115	-0.21153218614728	-0.297054489830293	-0.210545692042594	0.04326336808628	0.546271999839435	0.164650712787736	0.326468413910128	-0.075891810984338	0.085360566396597	0.245837529464586	0.0215324788943458	0.484168067566124	0.103523454674833	0.0503244449542275	0.190372708886058	-0.387253919836328	0.439007194671023	0.120505366018562	0.434154654402923	0.191765366364563	0.571913968295915	0.138020257420571
AKT_BAD_HER2.adap_multi.pathway_activity_testset.csv.akt	0.0802418375561566	-0.220910017383148	-0.513049101901812	-0.372250824141043	0.508284483043554	-0.0135352632104654	0.535590068115561	-0.23070662786905	0.215451156235232	0.0479867173847284	-0.28508559568817	0.24368922384865	0.259911393683704	0.394356400329	-0.332070366771524	-0.22524384436046	-0.356507580567429	-0.286678894692366	-0.519408295175702	-0.130566295975049	0.720938977260243	-0.149855274621522	-0.274241619631526	-0.406330769389026	0.308556711582124	0.257999873779109	0.592819321794654	-0.322189183944089	-0.0783623877198388	-0.166593454037134	0.0128835118474382	0.0216719723655244	-0.364440618439857	0.263778710823139	0.426293094430535	0.478925578738161	0.411657629093735	-0.332197348834245	0.395860427629437	-0.490881385601348	-0.497916806363428	-0.295706139985693	-0.203934811563607	0.160726028683807	0.437916247303002	0.397864444082748	-0.22314121257232	-0.105851705151475	0.396846824489967	0.434975185063838	-0.460382073030968	0.374505739230402	-0.0794990743340604	-0.190245437743998	-0.202019498869899	-0.0951252295418942	0.359731832343794	-0.364863628548809	-0.40363806425911	-0.488642664873896	0.383281876739908	0.0704638658577854	-0.203250284775373	0.517492019423461	-0.046771637898846	0.471941760221228	-0.524307052988927	0.105293173400689	-0.056957618201357	0.271380307838064	0.673459111551959	0.765289775493948	-0.130918882489274	-0.458290376373923	-0.180452218718488	0.347468837170855	-0.0514851182472415	0.170080040229012	0.215517380045888	-0.146020258633176	0.457792699154671	0.322596257820146	0.472918173993983	0.355719312111036	-0.174539044621454	0.518851557966176	0.299011465582309	-0.195236228806137	-0.104416190354268	0.131229717866779
AKT_BAD_HER2.adap_multi.pathway_activity_testset.csv.bad	-0.0190490314495618	-0.142029677517806	0.063294939191849	0.0505820198205147	-0.0323317169675789	-0.12954939744061	0.0584535768408389	0.0578308068934483	0.29200352386693	0.0671491561164897	0.756582464896325	-0.138946140215645	0.180065982598877	-0.0512763421927109	0.283924030845086	0.145296997308471	-0.0607284833197669	0.250875263819746	0.15559680367228	0.187201854288646	-0.0951597028009058	-0.0168536633148291	-0.193044053695635	-0.0176675499991023	0.0847870703174635	-0.313682538249343	-0.190761478726007	0.18188979853149	0.0085167196192258	-0.0692611076928884	0.469793843013479	-0.452167458026722	-0.0216555701349717	-0.24266331199819	-0.330359642521922	-0.138606345106051	-0.330335705370088	0.270420408093071	-0.0349311655037884	0.468713271274616	0.0338653349183685	0.267851809466153	0.335775120165101	-0.00121069784209144	-0.156608701968983	-0.384661207003219	-0.0129401013648411	0.0780360704485774	0.341707985551526	0.15074081888143	0.117187765836297	0.0724501943986302	0.11081455398142	-0.289858728993831	0.194808137407477	-0.0607181142345208	-0.0899977845365985	-0.0955553166114844	0.588516862234225	0.34995543187139	0.341852390279825	0.114788281587946	-0.198341977234394	-0.139461771606131	-0.231553628146399	-0.340133419158753	0.186446808781143	-0.0375422312837484	-0.337424324383164	-0.120199604677855	-0.0953589208975434	0.126919793196885	0.561321980678113	0.0204496953366846	0.369514200144201	-0.262285189594568	-0.122211722662366	0.0985558035305335	0.061715990259297	0.212207427101807	0.0827109222541456	0.0702071856689547	0.328215491271853	-0.499455026518358	0.134393201225981	0.319943128650022	0.243075114060325	0.125307594566877	0.451912417717238	-0.0584640765531864
AKT_BAD_HER2.adap_multi.pathway_activity_testset.csv.her2	0.104979293789979	0.109444143773792	0.34004768967132	-0.200465280860417	-0.473624308890903	0.0476059628696717	-0.697756705973989	0.496274119642905	-0.370420712632008	-0.448977292903771	-0.172717794919626	0.350532069587086	0.390312039279752	0.449879037829997	0.270076124205862	0.209432571602884	0.535466731239445	-0.0331637283567075	0.281508608927843	0.409035099381018	-0.0953986936331341	0.484518115600416	0.266124425329206	0.625825263336341	-0.299928712864516	0.572323224649388	-0.4438484368121	0.326599998714303	0.428753298485541	0.553082361237703	-0.710620781207315	0.686006779761776	0.274625953381813	0.0116053336852794	0.0480284295116181	-0.277002703913527	0.289194435022883	0.416898320791498	-0.367485092731254	-0.0684019085121715	0.41398448566846	0.404167524728302	0.301784676617859	0.505575430858469	-0.0225685756490869	0.329442435387475	0.00248518449203495	0.200936384955522	-0.584382317725548	-0.00175067059082174	0.583924265095697	-0.0198639819455029	0.16386692060776	0.237582729056778	0.242843300489077	0.485508819290463	0.0204198836739811	0.401064287292671	0.0501544350114196	0.0411433686236045	-0.427948507835221	0.0264229875292465	0.477135240554477	-0.00416650340570488	0.561474927099142	-0.146107311901485	0.0896005013089279	-0.197299145746099	0.447695152374064	-0.266626171932273	-0.257985498312414	-0.321134467936478	-0.216966899565974	0.330010416033003	-0.147960167745875	0.470225500007395	0.506849793222776	0.296816966475139	-0.213477297083296	0.520704983535437	-0.0368052562123804	-0.0768845111626057	-0.460667855927044	0.429462793303621	0.580468272000419	-0.568091831447845	0.235105056093993	0.119342678892072	0.0669036132324621	0.336041006925579
AKT_BAD_IGF1R.adap_multi.pathway_activity_testset.csv.akt	0.152533807428427	-0.117246087861625	-0.43462548087226	-0.308585342408546	0.544140565419351	0.125800797028934	0.590709237499089	-0.179868873268005	0.234480354861661	0.0934182962706239	-0.250023643256707	0.185214079912149	0.244185721956098	0.439775666998488	-0.31399784150282	-0.229808644002992	-0.4281258843933	-0.296337039539551	-0.513418232749513	-0.094187537171613	0.762604401894474	-0.193206498670929	-0.191484388101329	-0.381811264790633	0.311136175277351	0.252588112242303	0.666774422760538	-0.377385156743344	-0.137445761757448	-0.107979592585209	0.0518363726377557	0.0633054817694162	-0.4370183784088	0.276795761167547	0.441973684160739	0.408530621676529	0.459092714611603	-0.283281933463833	0.384528599462843	-0.399401837954019	-0.579030987316191	-0.390296174092863	-0.165732134871434	0.120926574755017	0.357784821153808	0.366242888409612	-0.143784556103258	-0.114434050988989	0.386283092964956	0.370938497252168	-0.442311098728351	0.483773169228947	-0.159233473667468	-0.1559169247276	-0.160970947650929	-0.0786064152316684	0.452185937042912	-0.30691003983882	-0.383289080416905	-0.4893629143286	0.393558112785405	0.0201470927011753	-0.299962637290806	0.470901579752806	-0.107257881232032	0.430022367043714	-0.555593914230064	0.0881494258387224	-0.102816048828268	0.323668844212513	0.658998186398935	0.726735758820221	-0.0829169447323446	-0.513341592434318	-0.174758388484929	0.293599017540366	-0.0756575044386052	0.141414370906921	0.104254228373036	-0.129574279073147	0.509435236723501	0.307970229967303	0.472334642183231	0.387663703653276	-0.248098899869309	0.574914946973308	0.268994152773433	-0.207697814271342	-0.0855658075113121	-0.00777282974865859
AKT_BAD_IGF1R.adap_multi.pathway_activity_testset.csv.bad	0.085113080356042	0.0053669909277662	0.409385529283139	-0.0476418175684134	-0.370752728186638	0.0267714018560101	-0.3573550214261	0.43353161786782	0.0410210904403176	-0.216349991673362	0.710807181814757	-0.011214488945419	0.372959087131705	0.259675244466566	0.493487013848129	0.284620369708035	0.217193779083514	0.286133635522962	0.355602461726186	0.506908537781669	-0.172472789646206	0.244753248222137	0.0128484667660747	0.458196972742046	-0.159276447061796	0.0165989076153674	-0.430526197270777	0.384615948756312	0.229455855899421	0.304162957962713	0.0976880203453384	0.0218477218655704	0.126891505181194	-0.240794775012427	-0.368263760588728	-0.446867508939449	-0.172524396561316	0.622461849009705	-0.337322873413435	0.546839757594357	0.267810465046799	0.458577396363024	0.577707595558581	0.281229414228385	-0.290978180747717	-0.21391263656181	0.0434139368513442	0.267567880004473	-0.0433577226441849	0.117967932878789	0.51200998958621	0.157756971969077	0.186074011433044	-0.147584484356265	0.36340957605341	0.266767289503359	-0.0541993037038881	0.230392996128245	0.670087031856709	0.43238026400955	0.0952121109596745	0.0913065204706519	0.0385647345779054	-0.229898924684557	0.0467620479355338	-0.571431484918049	0.284659488788218	-0.148893627959719	-0.105220410923605	-0.317175101132664	-0.369293593675994	-0.150985806012056	0.530642785060655	0.253244584191849	0.263701307171501	-0.0344736409332816	0.186286430873898	0.218261417288861	-0.1537277668041	0.562317402088436	0.144136840196927	-0.0502209121116423	0.0242174647196647	-0.242290256586154	0.476373752750431	-0.0300465048060107	0.339936367458342	0.235945735893984	0.578505983398622	0.0418911635250043
AKT_BAD_IGF1R.adap_multi.pathway_activity_testset.csv.igf1r	-0.275869560766369	-0.397283216115893	-0.727645240050939	-0.0286213816101735	0.474708647226122	-0.512680330247475	0.47206664448565	-0.652465984024303	0.276309345978794	0.286714897231426	-0.191257156937785	0.0237675146615957	-0.197817297266679	-0.477859714995544	-0.377670702032777	-0.195194785332062	-0.198520541445103	-0.141130884993022	-0.323273135961261	-0.555581366046426	0.103193537018103	-0.228736133896132	-0.415667144121444	-0.74491825620852	0.37833647537672	-0.308585358499554	0.24423196934518	-0.207475625287354	-0.139859012895544	-0.606291790433145	0.284006512548292	-0.648854174881607	-0.0534186153654288	0.0744606406867807	0.163880025972717	0.680242884549979	-0.170370518306738	-0.682370497735	0.491314471395149	-0.440332366611316	-0.174044481065394	-0.112721345484327	-0.480364331211959	-0.255208148977283	0.446865495202458	-0.0657699180935486	-0.253483135409604	-0.273433181056618	0.502360701075553	0.198367223089617	-0.608608387854921	-0.361773410810723	0.0562430369384186	-0.210278219063528	-0.356544516787943	-0.448896667329063	-0.206298537747133	-0.573852346662748	-0.326547530076169	-0.22760195446795	0.266715934744491	0.168357755768807	-0.0512831753502797	0.357768818113543	-0.142613244618331	0.581724241381675	-0.144499505766679	0.185086280491742	-0.121069615038936	0.264972623278898	0.542604075331987	0.527353387924602	-0.220858322344141	-0.243875978627307	0.0728712584999326	-0.0622560210817606	-0.316361476040637	-0.0526905401776298	0.543930127299174	-0.539891050224487	-0.220465319313472	0.273154236988027	0.400245802786486	-0.273221213556198	-0.335751238475694	0.348568760124341	-0.0768260266523005	-0.167250671487981	-0.33629226312544	0.1900793472218
AKT_IGF1R.adap_multi.pathway_activity_testset.csv.akt	0.189663663545442	-0.205478209879627	-0.42003933673387	-0.426446927752851	0.431833093701968	0.0760564289759428	0.550856738033799	-0.150318563243453	0.222067536628251	-0.0128840725769676	-0.0382828859420845	0.252427360387661	0.380073804301883	0.554444733458475	-0.254084974074673	-0.188450021776462	-0.406209631778824	-0.183545592149685	-0.513465215290583	-0.00514971098964494	0.738544890797986	-0.156963715773438	-0.305629345839019	-0.318644761802536	0.272112299086664	0.220336148030556	0.582100648976274	-0.303285750724743	-0.100858010946808	-0.114328239392678	0.0895742793950167	0.0302026837618465	-0.454698455086923	0.132824696288034	0.303417362689224	0.325194214260622	0.347790190412229	-0.185933147967542	0.324599948901974	-0.33172206055574	-0.565440582982546	-0.269554682112872	-0.0903536859105416	0.19094819122973	0.370426581461429	0.352820937555647	-0.247372223925069	-0.0863687468548682	0.441621867917349	0.439952983912816	-0.39733110700162	0.552249523901001	-0.129122785152472	-0.277633965228664	-0.0643869282156023	-0.0958910899741896	0.476497559177633	-0.366176337620415	-0.162921969369411	-0.397829541551121	0.46554137806172	0.0122891673230641	-0.339448660703715	0.423417448893633	-0.157676465620517	0.266864674470722	-0.54129261439499	0.0415714993178626	-0.182423086746919	0.181092482301108	0.596356956871532	0.778710227699879	0.103702726783675	-0.525165699960809	-0.130088454936101	0.269564707270725	-0.0497392062485803	0.177240883002114	0.133933042095463	0.00804951047316317	0.589655841547212	0.285008225509552	0.570708903262025	0.270100111981868	-0.128102017595396	0.597924863374226	0.44692708956791	-0.194351879687586	0.0703535800365548	0.0843074872927331
AKT_IGF1R.adap_multi.pathway_activity_testset.csv.igf1r	-0.30290668800618	-0.418197727514561	-0.698383305063301	-0.0305958653252573	0.412425253827654	-0.553496734957766	0.413872013349414	-0.650692421096057	0.247556359393182	0.270824035591401	-0.197601583419813	-0.0108317672647196	-0.248935140985123	-0.527036339599134	-0.363415382945777	-0.180743467887603	-0.161106640733654	-0.0863666727959284	-0.30539775477902	-0.554005391593482	0.0327781695560057	-0.211428611624198	-0.438624338230969	-0.710546914235669	0.342919083166974	-0.348421154425187	0.191045927254106	-0.156962944049837	-0.138182702655084	-0.626351821734069	0.300937892352159	-0.664376561015563	0.00927517024846183	0.0503766672444685	0.115427049568921	0.647166991408843	-0.248135613674272	-0.665968219771059	0.45098563746851	-0.427299819365215	-0.104464997261922	-0.0713956677584335	-0.485200795000339	-0.271839469566414	0.437165743716231	-0.080069693266631	-0.273204410838281	-0.248897902335675	0.481392994987171	0.181319324847838	-0.596271694846453	-0.401855424852649	0.0860219953612539	-0.203555389990781	-0.377065589734966	-0.464564802810982	-0.262226906895107	-0.574633066369058	-0.309167485968052	-0.175822601188465	0.232751626178109	0.15863258251306	-0.017762319489659	0.306959944943092	-0.150291901522729	0.536242993956474	-0.094546200567456	0.217333029291551	-0.117936794219225	0.200189645903205	0.457853691643698	0.46745377713238	-0.22233720461621	-0.180786733243329	0.0780987173592127	-0.0926791609812855	-0.318734772521548	-0.0871074201878883	0.567572378140799	-0.547691782540027	-0.260724350867194	0.221553104157704	0.356681732265354	-0.321032145303417	-0.307291878801183	0.277669732264343	-0.101289874352446	-0.128771741807921	-0.316185130835217	0.225760834997391
BAD_IGF1R.adap_multi.pathway_activity_testset.csv.bad	0.180985229554804	-0.0363563854323471	0.209382171690917	-0.188837779428724	-0.166581953809749	0.0603185164280491	-0.0835931760959235	0.293878069195196	0.0908269274876798	-0.223008186021038	0.748565775665671	0.100620916530335	0.529903027924395	0.450018133619889	0.407799599937763	0.242637596133242	0.0686395335283135	0.219553012719578	0.203037878165801	0.47791100066228	0.0603741517289521	0.177364809729662	-0.1025412054646	0.296997909397259	-0.0140916069849284	0.0879281787787289	-0.187886308168104	0.244202229728751	0.186716573124052	0.212027884493352	0.111523365331373	-0.0190189208234803	-0.0650607031541515	-0.209934249350994	-0.288334780504131	-0.31426275612255	-0.0528844783582549	0.4725279495671	-0.209097304526298	0.447212775105107	0.0301490489884575	0.312268325641556	0.490880377753295	0.305892202272344	-0.151713231437442	-0.156776592786632	-0.0594116185680734	0.2144189815831	0.137624652109378	0.263191643023467	0.346225587676674	0.341589505741996	0.131837419098372	-0.283608318217674	0.387406815449512	0.197272613923006	0.118757513067723	0.0732840932646504	0.63664888178809	0.289442714342689	0.294456727372768	0.126535473236498	-0.0919846914662795	-0.0223269538703493	-0.0124410075607721	-0.442622391920796	0.11524478468688	-0.18786195518032	-0.200005785035381	-0.180170154805546	-0.0874997721157346	0.163700790292841	0.61856707974473	0.0207473180959073	0.226884201509744	0.0484829874094844	0.173452679569663	0.25918038324801	-0.0829989147240565	0.566938218137142	0.312889055808394	0.114434313901202	0.301489616034603	-0.208607728810172	0.378332067316315	0.228665908701426	0.492155057593607	0.122643158260185	0.568061229887499	0.0237759524341519
BAD_IGF1R.adap_multi.pathway_activity_testset.csv.igf1r	-0.297335727025208	-0.360197234396115	-0.63994851084376	-0.0131614355016023	0.440485725790795	-0.512465049515034	0.411461897537207	-0.606221638312973	0.269588606914082	0.287529231385889	-0.2565796181336	-0.0740969006992498	-0.292527151139721	-0.527715325195648	-0.347428207552803	-0.200733127848903	-0.182101632694932	-0.117493028110457	-0.299409459608697	-0.545464382059462	0.0869377741015526	-0.197391233055653	-0.391492288404082	-0.700755801183566	0.333234983332076	-0.278469245317496	0.250375635995867	-0.148634647874789	-0.122103117973424	-0.595216957720651	0.301410604739206	-0.615404345331847	0.0330445010635053	0.1383702926843	0.158833783875929	0.628838300268213	-0.174933371500134	-0.64310742799003	0.428845753548004	-0.444138759691244	-0.0975120080331998	-0.0963794477379276	-0.442283338058132	-0.255958024924914	0.390152794467457	-0.0668273825558302	-0.226449682940804	-0.207799279535626	0.463603828599593	0.208727763576966	-0.592910855373587	-0.379210461074583	0.0846608822091514	-0.146502766002425	-0.42558756297499	-0.389877037780117	-0.272966939364315	-0.508154534480697	-0.389319319767244	-0.209604709597431	0.244797725404293	0.167201131841865	0.0221169176909171	0.34187881017032	-0.102958999028765	0.571778402263937	-0.0923276254023523	0.251369214885958	-0.076223061257856	0.258148471792424	0.473584945071663	0.464690195314129	-0.296490183076241	-0.153062376557792	0.0312207937868574	-0.044362437185735	-0.294205879824275	-0.0637815707821564	0.554726616699563	-0.565065576277738	-0.2347393207561	0.220865907272141	0.333312050543485	-0.258106269689464	-0.301989311259525	0.300456027090563	-0.167512586966323	-0.118228349950232	-0.29983404154653	0.18989054437464
Her2_AKT.adap_multi.pathway_activity_testset.csv.akt	0.0513405591772785	-0.395516362888158	-0.608501873074229	-0.483775087599458	0.465502336647384	-0.144850910690243	0.602920520254626	-0.353629578376881	0.23323479174475	0.0107641045545322	-0.0671826932110622	0.272466193915663	0.314631278894809	0.415485021164109	-0.34138708053826	-0.224638927763762	-0.404253914846269	-0.121617225334115	-0.580557912305386	-0.129977905976249	0.69047830981404	-0.191223473437683	-0.498740317493673	-0.472761368548339	0.340068464064756	0.0946733232515818	0.55641799518578	-0.289523085276525	-0.132563223273349	-0.333953002472953	0.167453432701551	-0.180312628648254	-0.400411944305806	0.0862879523988773	0.253486726149424	0.479525331525653	0.199391837907784	-0.367922482503777	0.412011870258929	-0.464961115420866	-0.516256766465194	-0.223002061101229	-0.240596786140353	0.110982528961955	0.509395666733405	0.307785346421155	-0.378283650263527	-0.116041855257267	0.583292433131075	0.520473518726962	-0.545941600941252	0.40969830070976	-0.0344626443739442	-0.353382850124743	-0.147182266539045	-0.24839880981393	0.356258618038057	-0.542729134597757	-0.183007259007061	-0.417560014830071	0.536426692622142	0.0608752103303015	-0.300688485341247	0.47245936620622	-0.204829997730166	0.361204461316168	-0.511347547471197	0.104510236109918	-0.2406899684353	0.125334771974906	0.653871783863537	0.880899769392768	0.0892749323807719	-0.504436620562042	-0.125245525420258	0.225372194454184	-0.133042507012063	0.115013700209065	0.359159403155644	-0.126389265422479	0.498941147429515	0.319863078593328	0.647121169301767	0.11283188055732	-0.151254727660389	0.602922034565283	0.453612046965588	-0.201829959847644	0.0176324407090003	0.229042172881369
Her2_AKT.adap_multi.pathway_activity_testset.csv.her2	0.0306326999117603	-0.0798367873271265	0.452338888197576	-0.35270248892144	-0.704783147374632	-0.0636483690572445	-0.736072733049653	0.406141191491724	-0.477214238203013	-0.551377667251778	0.107830072521741	0.214599818176904	0.298677388835142	0.487784772806722	0.341989384567447	0.231671624530137	0.49216878096112	0.398927235224536	0.267679694745355	0.532395851913921	-0.23691161790109	0.454110719125507	-0.042476777867615	0.734888500628312	-0.381299846426443	0.316045579504749	-0.533164326467884	0.489422248324404	0.297439176409932	0.317610563004919	-0.439381082555633	0.477661139117246	0.355801718086619	-0.246238875296771	-0.346421921416724	-0.507215233077236	-0.119632177236454	0.485371670428622	-0.535297684256837	0.0603208967752971	0.543335824451866	0.50645318138237	0.297129489670316	0.360126026206573	-0.0738585998282408	0.129145208540626	-0.18501929371644	0.355793221075611	-0.398050875311681	0.0874213105763255	0.538722936433493	0.100318373476778	0.298623058121653	0.105347539441482	0.312428705888841	0.315093323175732	-0.0459806536995167	0.288912645812297	0.408689839582391	0.231505342615786	-0.24150744341556	-0.0568007078616334	0.398938684822925	-0.23687564178993	0.292321903291857	-0.495352612766241	0.25709970442486	-0.111689727304063	0.14514600794189	-0.645181380858519	-0.569281332602978	-0.377763633385193	0.148308097686004	0.469259754803177	-0.165827549001516	0.210217830751345	0.404820010667545	0.0564411653878553	-0.0219000988477758	0.563137011652065	0.0356169796339915	-0.246274315209791	-0.374539516483218	0.0285305633957351	0.670014541242145	-0.61935423015582	0.336441837946341	0.229687699228565	0.371253151903055	0.441172100202492
Her2_BAD.adap_multi.pathway_activity_testset.csv.bad	0.187772382826689	0.00375863788696167	0.225889039215899	-0.177288812020101	-0.301131137118086	-0.112139817651329	-0.187549846832064	0.20812911454098	0.00791509427862252	-0.323006027462589	0.854497496526112	0.0375641779471253	0.43581669385286	0.194990988236777	0.499758427512242	0.346936261714268	0.242489751461844	0.289527604736095	0.357008922751686	0.373000904098611	-0.26164217490951	0.283402188148294	-0.138236139273511	0.29462926271328	-0.0950452420370654	0.0352155408768921	-0.332531418678086	0.405130441101241	0.330985533937444	0.115112233335479	0.0841204817062168	-0.132182318302994	0.136214495303364	-0.275557560101088	-0.474315245473589	-0.384584748176366	-0.278760576808567	0.423666302914063	-0.348046507839784	0.510206256152937	0.219766165028163	0.459558344463881	0.468025935618965	0.29327001384232	-0.200971589219313	-0.273651815669982	-0.148489985745136	0.236331137839384	0.0458419283096653	0.211861529592974	0.377964342055525	0.069722912657786	0.187538644742082	-0.356935956638365	0.346406011204285	0.192209305723589	-0.155552570369562	0.0541917047004214	0.701387832355517	0.498656710942691	0.203304516384645	0.207109398232465	0.103462438285509	-0.0038798031897724	0.0974916771807332	-0.505153573910174	0.33821224812782	-0.205920473171934	-0.0959871451365004	-0.161126915466836	-0.182911503993695	0.0701323172488803	0.597230269543604	0.141672464654268	0.29038225420194	0.0351743369617257	0.267878741804302	0.269728322012947	0.0214025370938009	0.582367170815924	0.0744159841335438	0.0661386004300157	0.327847173830208	-0.451078067650458	0.469997237795516	0.112036608704937	0.369396943532303	0.142726421369353	0.585973098187351	0.0915858141088403
Her2_BAD.adap_multi.pathway_activity_testset.csv.her2	-0.250117635589753	-0.434273736879256	-0.619623060564783	-0.0811867825715069	0.659783163184525	-0.0926472466766109	0.548752178081935	-0.335644354124975	0.395420014046608	0.437521742241349	-0.447960851398173	0.144061529421363	0.027182321637864	0.183507315738802	-0.50493249152139	-0.402041684589041	-0.512782424806499	-0.241471111661422	-0.615191123427466	-0.216259983936549	0.817392034614839	-0.366550530090546	-0.281847679411481	-0.593498958810572	0.480174931741396	-0.0949492253963564	0.509175447813139	-0.475921451115479	-0.413053645403324	-0.280236124559124	0.264899407469654	-0.265076586553837	-0.428731169536646	0.220737212935182	0.556781978282648	0.712109023940295	0.358980379431711	-0.452137584253499	0.68196410473775	-0.566413464049591	-0.499709388332628	-0.368901265379371	-0.334003154020458	-0.1655302855421	0.503069004285598	0.219190919675531	-0.0410828671844501	-0.258398391394657	0.605981527123964	0.300290381507128	-0.565534313161091	0.298618924177905	-0.0543548270860493	0.0513114931842011	-0.22284342512449	-0.332024835217872	0.427200619606867	-0.425633036894494	-0.433792519803526	-0.671017351527144	0.406536579609297	-0.0552686004414694	-0.413764913323934	0.263586003818383	-0.317020778709792	0.653997341871595	-0.618665708259522	0.224365283431761	-0.307934574831963	0.147753117340961	0.647931502876089	0.633894009778149	-0.216902970714845	-0.432810369015423	-0.120418430665813	0.0111140220162671	-0.448131458748816	-0.0513493913608498	0.261303822363263	-0.474737603415568	0.31263165074917	0.317322845748575	0.235598715707503	0.317095742202306	-0.430169755359863	0.506034420683972	0.214281447302747	-0.172123259120888	-0.301439479697413	0.0744683735433274
Her2_IGF1R.adap_multi.pathway_activity_testset.csv.igf1r	-0.298339280090927	-0.371553445240752	-0.636163619357537	-0.0345080616746916	0.415689523636399	-0.544824632716599	0.382753333660936	-0.63267023068893	0.211358033353243	0.264993021047122	-0.26558007802243	-0.0989430173121168	-0.310442826825715	-0.522831658592435	-0.309589243285229	-0.148144989508442	-0.13003284301088	-0.0425588101562784	-0.270654001719919	-0.505959998985174	0.0349371489586923	-0.160034919789521	-0.425869617835391	-0.653664538059766	0.345202039532016	-0.297189865548343	0.228002016401642	-0.097167753666984	-0.131256364875339	-0.621008690321287	0.296062861513704	-0.632560932071102	0.094958837418373	0.130370675368745	0.121581296547423	0.60352315622535	-0.237351002259892	-0.656307976093063	0.387048246792918	-0.417516123025272	-0.0303533351549261	-0.0858548545765617	-0.469222427186033	-0.279168140923785	0.410946102610088	-0.10011812359169	-0.26410127038518	-0.165750391330543	0.456720746607783	0.204618742904005	-0.576030024381767	-0.370011813541968	0.134988511642962	-0.143016826869032	-0.413072075118396	-0.41998567544673	-0.295200741994775	-0.524324208403267	-0.372859630020942	-0.1597431518333	0.226919297691684	0.178390731954964	0.0538878152441292	0.331301650953062	-0.109208860477857	0.553545405843402	-0.0411380155602631	0.281104013717275	-0.098300809898164	0.212949990434675	0.416722198224336	0.432609961205768	-0.265660606352565	-0.0981373719451537	0.0436709515321448	-0.0574640165219953	-0.281547012814563	-0.115091290101236	0.592234265751471	-0.542972555130799	-0.281243869838146	0.217550019426088	0.318205247276969	-0.311283034639406	-0.289579073283311	0.23603711954793	-0.160984539384261	-0.0678315882049108	-0.280954031481394	0.214704652336937
Her2_IGF1R.adap_multi.pathway_activity_testset.csv.her2	-0.160526998154514	-0.281577865749675	-0.376086055576001	0.0247852795858646	0.56908863998354	0.139847705829926	0.430838662263975	-0.0411942849282749	0.448047914886409	0.485204203843944	-0.535473589299815	0.0352799139239709	-0.0453774839592726	0.226110086138162	-0.487080927001379	-0.428970283809709	-0.558458752427197	-0.309997249634802	-0.635293287438072	-0.127940742592634	0.85968505060874	-0.395150913115897	-0.0669477128002551	-0.415812402791702	0.334952554954631	-0.0747227661576595	0.505302951985856	-0.497709451939081	-0.448617602929975	-0.0228310564451598	0.288641224580244	-0.021431174189644	-0.464101286460224	0.275537359234592	0.65669487807087	0.549432716133035	0.444160606266481	-0.1812703544698	0.615658172874171	-0.433623073845754	-0.5393904854519	-0.409859513308947	-0.170405798057312	-0.106896875895698	0.346850512717674	0.364596239716386	0.133768628462848	-0.250317440800989	0.430199149330951	0.142783565316141	-0.443465374634096	0.433255588026915	-0.19758001679575	0.177215875186693	-0.264168174999116	-0.215290847748568	0.53869272256746	-0.250290309456701	-0.486805724217054	-0.622931672196745	0.239127781347861	-0.199667362640367	-0.517333322245415	0.053497292757732	-0.360574481506543	0.493530790723766	-0.700621597714805	0.282786487215857	-0.230267983230571	0.0970967000076718	0.439552491047336	0.42320821216243	-0.285162882194982	-0.418621520369781	-0.104587299790808	-0.0242706252403003	-0.452358152903485	-0.0330792526244104	-0.0351299658731116	-0.434915050862223	0.435367177587669	0.128459883173767	0.0242155730517543	0.545377859237272	-0.432932447200795	0.418777563724296	0.143747285230372	-0.0986688533967784	-0.254597812914338	-0.0567379636242727
IGF1R_BAD_HER2.adap_multi.pathway_activity_testset.csv.igf1r	-0.317614455177571	-0.38503812244822	-0.69093275882545	0.0293896456206839	0.524198786186934	-0.49690841633317	0.473792310089223	-0.643851768658269	0.299351748888125	0.359980908002721	-0.230125737663766	-0.0689221391031965	-0.26192908262249	-0.494399514047258	-0.342385799335998	-0.183686348551798	-0.212869113228288	-0.101747851222464	-0.298346439049645	-0.508018602506228	0.133585382285441	-0.231887574661603	-0.398556418003222	-0.727439839936819	0.426459788740094	-0.331967504968746	0.267786875902757	-0.191049332712744	-0.194035380708108	-0.609023082090936	0.345057420052038	-0.683814699196758	-0.0149535809547934	0.135489999945909	0.19041915143516	0.678874362973076	-0.159890427092362	-0.675339352030877	0.494326915704881	-0.402232140686506	-0.133607494138955	-0.145547897350185	-0.464686871278583	-0.311740551635838	0.421056163937871	-0.131395535292372	-0.19798091455046	-0.224447469275596	0.535593271174077	0.202638017001052	-0.596717982387016	-0.322988463697761	0.10065005675794	-0.139786393946431	-0.369364159238368	-0.447677787379027	-0.208082817419569	-0.537374734217074	-0.35989552698001	-0.232383565367942	0.290584332779535	0.178057628515744	-0.053574624827247	0.338852473264927	-0.167673803068826	0.612737919373587	-0.113678149132052	0.247358983286834	-0.167001990293701	0.271014586179097	0.515501280707253	0.492237985924427	-0.226248770153032	-0.182860657570435	0.0817268514213208	-0.096378297628002	-0.35671424852499	-0.10295747714654	0.553814777192301	-0.571648813908073	-0.239448107908316	0.290210895822584	0.354141516768165	-0.277007506339026	-0.371117009607506	0.347329009713399	-0.12461643185746	-0.106590758343492	-0.320089374156825	0.140637723726646
IGF1R_BAD_HER2.adap_multi.pathway_activity_testset.csv.bad	0.171367542584243	-0.0135225193834682	0.165729107801334	-0.136809643178291	-0.137023651649307	0.062174537487669	0.0412114807995042	0.128302127041729	0.0477245894091367	-0.18389608302599	0.795449449205574	0.0401491498729472	0.40629724148564	0.319645815706446	0.353328482755874	0.222117790470257	0.002854849944338	0.275604118929636	0.202568789000709	0.364755534782942	-0.0489740881545133	0.0819453331827471	-0.146722954706713	0.196880591348639	0.00544808304085879	-0.0503916438909485	-0.131279115886638	0.18068833821445	0.0952757717262174	0.0532812648365446	0.193946322344779	-0.152917594543784	-0.0966794840449805	-0.274463363268721	-0.391676322406139	-0.319744108073434	-0.177157904313201	0.329023634432705	-0.194698625891559	0.473956504586328	-0.0199280337982892	0.204907597355572	0.354120991625166	0.139061465528709	-0.179053154299662	-0.282485428499924	-0.0803912211398439	0.169641490737242	0.191908590104909	0.189798394236661	0.235946727573774	0.28423689834168	0.0931480114154246	-0.332032085435188	0.382793740768629	0.0677553812847347	0.0743106622550827	0.00925117150297924	0.666354658490071	0.313942041665129	0.332089163953655	0.104057415403286	-0.152300025372117	-0.0507861691090849	-0.122556569922034	-0.456178104819953	0.172047449173619	-0.202797943734507	-0.288946951660779	-0.141341610476332	-0.0900089018593435	0.142057292115152	0.691176199457622	-0.0218034110162285	0.219749728645754	-0.092059588377288	0.0936759627984212	0.118371144018633	-0.0327013135196065	0.458377345901278	0.238236631241536	0.0970421155431088	0.367984704893231	-0.370536012230509	0.24014453111785	0.260355146355696	0.385145723922993	0.0671060042977997	0.510286629973757	-0.066451463459851
IGF1R_BAD_HER2.adap_multi.pathway_activity_testset.csv.her2	0.002940075703667	0.083157864959071	0.149126848108285	0.0228549884517599	-0.0316082152940772	0.0950709431521531	-0.467545397791574	0.528682728358584	0.0299805043180691	-0.0393834516236714	-0.453825666119607	0.219554225160299	0.29068759297678	0.324829832866055	0.124040809778904	0.0722787505292821	0.304755615473114	-0.332175248115579	0.0900667581037261	0.2997588436294	0.28490998218529	0.316074203534874	0.384323678254939	0.3476396984337	-0.040103211458305	0.521179422830257	-0.200865838802866	0.110471318027473	0.270392884462667	0.615625763763317	-0.491125130003516	0.576220233196693	0.136429969037883	0.329883574341955	0.511759682277325	0.089409947313925	0.571249045171239	0.349729059446233	-0.00439965063296569	-0.150910719446957	0.201166878519684	0.212510195978654	0.314850759189492	0.456115883069903	0.0793375781128588	0.424678467142042	0.229889055872183	0.0731162194765714	-0.39049355965427	0.0256190860769198	0.421297473814736	0.0519872571354738	0.081746807897719	0.377723675147099	0.0145069036667978	0.452303303161017	0.151467660082212	0.346493469362246	-0.331025304643807	-0.186182919859948	-0.36091726111987	0.0587928390576176	0.284257545401829	0.0990363975064286	0.481116395476909	0.237807376214829	-0.178607803146944	0.00626819446029586	0.436697686589809	0.013892138178608	0.0309072499470101	-0.13432652487013	-0.480092866042586	0.1796577938096	-0.0267096825587801	0.487832863642485	0.276956834511189	0.388998911233746	-0.286065997460599	0.251872860994327	0.0353159764036031	0.0835795238245782	-0.47185669327093	0.721299754557574	0.312261079220373	-0.292802241374668	0.145286383624995	0.149510794140036	-0.107820200355915	0.177531087444641
all_4.adap_multi.pathway_activity_testset.csv.akt	0.193719127961426	-0.0720142667508721	-0.335265826815411	-0.357110751648478	0.410792368397059	0.147876908129255	0.394244344338317	-0.04211915796173	0.112908034469401	-0.0325058912121114	-0.303467465183839	0.271818036527726	0.346160753799105	0.562034531959727	-0.223999593124682	-0.144892107936875	-0.261274394456269	-0.294114062146795	-0.419903112541517	0.0333806339165924	0.710830132703656	-0.0514306943190135	-0.109011637068943	-0.185929521806496	0.231920002172868	0.402686680061774	0.539349852069739	-0.278689400910052	-0.0233652165357576	0.0518839910589991	-0.150420442232226	0.25887947293887	-0.347135111823859	0.283881756806357	0.453108190014138	0.320049647292194	0.524887011762795	-0.165733749367719	0.270253535881472	-0.389453544541127	-0.451657972463881	-0.28896412610645	-0.0905212144236454	0.253625128972407	0.351095915309581	0.451530431432762	-0.142115564139129	-0.0491642440378013	0.207076752639818	0.350094236314052	-0.267167883938677	0.484351343870451	-0.108721029896629	-0.0911709774731016	-0.0883147298377819	0.0462060414671249	0.456229764332206	-0.194341606162491	-0.371704329251484	-0.451283337381129	0.252770538529519	0.0314336436943548	-0.167017753654538	0.461721349369843	0.0441250799845828	0.378528238516746	-0.514636288690162	0.0405935254330384	0.0214734267814757	0.247774916085455	0.563904576117233	0.615783820443715	-0.12887854454286	-0.409551252585025	-0.198295089914194	0.417604596411367	0.0708700305926488	0.205826568877462	0.0328766835702245	0.0254482957981041	0.48305933376499	0.284609351014825	0.3340356471194	0.501748051381118	-0.0958319991718378	0.392561570974283	0.328148911040038	-0.154159981835779	-0.0702368438778205	0.0727227926144081
all_4.adap_multi.pathway_activity_testset.csv.bad	0.0464641316317351	-0.0198046852395255	0.269626699414387	0.0493638865737983	-0.190309877974135	0.0120200778559786	-0.089929891406279	0.236357728793696	0.181259274857596	-0.0409594851041678	0.756556625746626	-0.131660015212438	0.209564746283462	0.0511178100519887	0.366931088342292	0.191217617606428	0.0147591142280702	0.262350914434288	0.24810323729455	0.309192130206103	-0.157599369203291	0.0490568750720346	-0.0636820901289981	0.197736865579482	-0.0578735015191257	-0.201776265930103	-0.265700569104784	0.238939385930761	0.0749619110160418	0.0958677148108123	0.346460581391318	-0.230728674360666	0.0138080105243142	-0.246202044675402	-0.374646922223222	-0.327060218957512	-0.274014305115757	0.444256146629581	-0.185497282552587	0.555802254627455	0.09712196239204	0.296154836914164	0.444087395461047	0.0845015866384433	-0.286053473199224	-0.326314679695023	0.053601591536316	0.160686863614896	0.153080719747783	0.0886844318276868	0.280712679944929	0.122377465694732	0.0976449640101956	-0.234272457940654	0.258469256834395	0.0815516870657333	-0.0744954372425173	0.0812073726646204	0.62740391724292	0.407381694775148	0.228471519325793	0.0758217336104798	-0.137516847899769	-0.226383153848652	-0.15285765863533	-0.49941093085854	0.244267596420012	-0.0903648582929451	-0.245296959172062	-0.189613747465112	-0.257729451868025	-0.0422867346770737	0.578025830410629	0.1114421827362	0.316168653053615	-0.212460012805161	-0.00592584412520035	0.112296387477852	-0.0879690060844878	0.341357145168905	0.135142440607589	-0.0286080180743941	0.187398332870288	-0.391591366650388	0.238942802227568	0.178329599222464	0.220689702910283	0.164979386766299	0.511510323561139	-0.0950322978985572
all_4.adap_multi.pathway_activity_testset.csv.her2	0.130268139909146	0.173314802388326	0.341046960853441	-0.14636778230124	-0.376154598534787	0.131897386076774	-0.638965697422002	0.495006114997348	-0.366689777236971	-0.377827748499157	-0.261914506774114	0.308370712978971	0.36056578514639	0.486962702077084	0.263706508645372	0.212079137667406	0.497363604990488	-0.0620267645603567	0.271148383118638	0.433697497840047	-0.0216096735707048	0.461931973284859	0.329266385057837	0.624001215747082	-0.235385618412081	0.592896063858394	-0.352488879171099	0.269681509459775	0.362323393445438	0.583683300232372	-0.714157790295392	0.717550890496504	0.242574339880902	0.0906719728159297	0.139735320473805	-0.254076536252513	0.373663869753399	0.38563360021053	-0.33304618790189	-0.0555638931706469	0.367944571857503	0.291791708305428	0.274065583562941	0.457058586025283	-0.0204168175119989	0.321237097649543	0.0649622470107023	0.199146324886107	-0.584253227760389	-0.0384415399513126	0.574335764599799	0.0634913219519265	0.138287995826113	0.309955740472117	0.245094503742713	0.479868002068491	0.100457311426808	0.428641167326007	-0.034694751242909	-0.0120847220371348	-0.434966642781683	0.0137525893464868	0.431911032734725	0.0143002634961326	0.53993582443984	-0.0709529675831961	0.0475694564158759	-0.170648991905487	0.424853994479381	-0.193794792299461	-0.220101864409285	-0.329778062161184	-0.248285820530745	0.302939111484738	-0.155602599126449	0.466653978646943	0.480687209571749	0.253969598065906	-0.262634496333514	0.492384584072665	-0.0341390961051416	-0.0369538774273182	-0.489490223112794	0.504783369486472	0.486764758738354	-0.547892298004748	0.197232895903656	0.129431409690826	0.0152611877682249	0.243211317905902
all_4.adap_multi.pathway_activity_testset.csv.igf1r	-0.302031482393322	-0.413955186206153	-0.70547540100085	-0.0196070392745518	0.445124755878457	-0.519702856866114	0.464085078942627	-0.636542533346948	0.306490966277965	0.291086198037069	-0.161002566512686	0.00899210634756787	-0.222718215202995	-0.519031385315356	-0.392691687102581	-0.227007236984626	-0.224420999189342	-0.143268224551824	-0.333145490122397	-0.581126574637307	0.0902205943059257	-0.254970699975006	-0.423753509168559	-0.759034896891654	0.341710056972678	-0.337906448294547	0.224674689149555	-0.206915538348268	-0.13674239433171	-0.617853619867206	0.326299213944547	-0.665906005638662	-0.059426003022966	0.0535768047763444	0.134847016777031	0.666947510002371	-0.195648506617538	-0.655507212937124	0.49116384835788	-0.439140036014596	-0.178337375611769	-0.0886197403638448	-0.457416212970753	-0.254905038991109	0.414107191255562	-0.0647085907152298	-0.243937181078762	-0.277262509143419	0.512669432035944	0.204236254847887	-0.619598344543055	-0.392102594003003	0.0471460052433903	-0.227214414362115	-0.38049479785383	-0.442811977183019	-0.238044628322493	-0.567217620835637	-0.306615663287896	-0.219292243625712	0.280569876182713	0.156769144742337	-0.0601729972837119	0.323786505743999	-0.159705497737937	0.542405886591106	-0.13656417864213	0.187845441109139	-0.120111752249502	0.242204477147806	0.518242498082783	0.517740827000126	-0.21618303284447	-0.236613236689035	0.0688669166745532	-0.0868659128370688	-0.335494299195758	-0.0450907540229836	0.543441534087377	-0.563211423884884	-0.19787415199955	0.235645887361665	0.398392449315182	-0.289984989881141	-0.321867591917634	0.362274026049121	-0.0964615633107243	-0.174615944869939	-0.314627559246857	0.194409026210314
